{"cameraMode":{"drawMode":0,"name":"Shaded","section":"Shading Mode"},"sceneLighting":false,"audioPlay":false,"sceneViewState":{"showFog":true,"showMaterialUpdate":false,"showSkybox":true,"showFlares":true,"showImageEffects":true,"showParticleSystems":true},"in2DMode":false,"pivot":{"x":1.7000000476837159,"y":2.2462642192840578,"z":2.2089462280273439},"rotation":{"x":-0.19018054008483888,"y":-0.15540747344493867,"z":0.030503850430250169,"w":-0.9688908457756043},"size":7.192183494567871,"orthographic":false}