{"cameraMode":{"drawMode":0,"name":"Shaded","section":"Shading Mode"},"sceneLighting":false,"audioPlay":false,"sceneViewState":{"showFog":true,"showMaterialUpdate":false,"showSkybox":true,"showFlares":true,"showImageEffects":true,"showParticleSystems":true},"in2DMode":false,"pivot":{"x":-4.1516523361206059,"y":1.8867762088775635,"z":-14.039751052856446},"rotation":{"x":-0.10079512745141983,"y":0.3676159381866455,"z":-0.04012008011341095,"w":-0.9236283898353577},"size":7.764414310455322,"orthographic":false}