{"cameraMode":{"drawMode":0,"name":"Shaded","section":"Shading Mode"},"sceneLighting":true,"audioPlay":false,"sceneViewState":{"showFog":true,"showMaterialUpdate":false,"showSkybox":true,"showFlares":true,"showImageEffects":true,"showParticleSystems":true},"in2DMode":false,"pivot":{"x":-0.5652559995651245,"y":5.33056116104126,"z":5.398491859436035},"rotation":{"x":-0.0004241799470037222,"y":0.9995753765106201,"z":-0.019842201843857766,"w":-0.021335560828447343},"size":3.058623790740967,"orthographic":false}