{"cameraMode":{"drawMode":0,"name":"Shaded","section":"Shading Mode"},"sceneLighting":false,"audioPlay":false,"sceneViewState":{"showFog":true,"showMaterialUpdate":false,"showSkybox":true,"showFlares":true,"showImageEffects":true,"showParticleSystems":true},"in2DMode":false,"pivot":{"x":-0.5792161226272583,"y":1.6047643423080445,"z":0.9313673973083496},"rotation":{"x":-0.051961500197649,"y":-0.9351977109909058,"z":0.15459264814853669,"w":-0.3143348693847656},"size":3.569216251373291,"orthographic":false}