{"cameraMode":{"drawMode":0,"name":"Shaded","section":"Shading Mode"},"sceneLighting":false,"audioPlay":false,"sceneViewState":{"showFog":true,"showMaterialUpdate":false,"showSkybox":true,"showFlares":true,"showImageEffects":true,"showParticleSystems":true},"in2DMode":false,"pivot":{"x":0.0,"y":1.8600001335144044,"z":0.09000003337860108},"rotation":{"x":-0.12215027213096619,"y":-0.3987168073654175,"z":0.05367796868085861,"w":-0.9073163270950317},"size":5.892233371734619,"orthographic":false}