{"cameraMode":{"drawMode":0,"name":"Shaded","section":"Shading Mode"},"sceneLighting":false,"audioPlay":false,"sceneViewState":{"showFog":true,"showMaterialUpdate":false,"showSkybox":true,"showFlares":true,"showImageEffects":true,"showParticleSystems":true},"in2DMode":false,"pivot":{"x":-4.0439453125,"y":2.6177101135253908,"z":197.8206329345703},"rotation":{"x":0.03281157463788986,"y":0.943805992603302,"z":-0.0987069234251976,"w":0.31370463967323305},"size":8.133479118347168,"orthographic":false}