{"cameraMode":{"drawMode":0,"name":"Shaded","section":"Shading Mode"},"sceneLighting":false,"audioPlay":false,"sceneViewState":{"showFog":true,"showMaterialUpdate":false,"showSkybox":true,"showFlares":true,"showImageEffects":true,"showParticleSystems":true},"in2DMode":false,"pivot":{"x":-12.850794792175293,"y":-3.837125778198242,"z":8.70824146270752},"rotation":{"x":0.22539597749710084,"y":-0.6298399567604065,"z":0.19816236197948457,"w":0.716400682926178},"size":24.831127166748048,"orthographic":false}