{"cameraMode":{"drawMode":0,"name":"Shaded","section":"Shading Mode"},"sceneLighting":true,"audioPlay":false,"sceneViewState":{"showFog":true,"showMaterialUpdate":false,"showSkybox":true,"showFlares":true,"showImageEffects":true,"showParticleSystems":true},"in2DMode":false,"pivot":{"x":-19.25680160522461,"y":1.9583945274353028,"z":179.79684448242188},"rotation":{"x":-0.1442335695028305,"y":-0.5834991931915283,"z":0.10624498128890991,"w":-0.792109489440918},"size":15.524962425231934,"orthographic":false}