{"cameraMode":{"drawMode":0,"name":"Shaded","section":"Shading Mode"},"sceneLighting":false,"audioPlay":false,"sceneViewState":{"showFog":true,"showMaterialUpdate":false,"showSkybox":true,"showFlares":true,"showImageEffects":true,"showParticleSystems":true},"in2DMode":false,"pivot":{"x":0.0,"y":1.8600001335144044,"z":0.09000003337860108},"rotation":{"x":0.11211022734642029,"y":-0.7639776468276978,"z":0.13809148967266084,"w":0.6202421188354492},"size":5.892233371734619,"orthographic":false}