{"cameraMode":{"drawMode":0,"name":"Shaded","section":"Shading Mode"},"sceneLighting":false,"audioPlay":false,"sceneViewState":{"showFog":true,"showMaterialUpdate":false,"showSkybox":true,"showFlares":true,"showImageEffects":true,"showParticleSystems":true},"in2DMode":false,"pivot":{"x":3.837799310684204,"y":1.6348748207092286,"z":-21.01833724975586},"rotation":{"x":-0.01579941436648369,"y":0.9838654398918152,"z":-0.11245337128639221,"w":-0.13825161755084992},"size":2.6573646068573,"orthographic":false}