{"cameraMode":{"drawMode":0,"name":"Shaded","section":"Shading Mode"},"sceneLighting":false,"audioPlay":false,"sceneViewState":{"showFog":true,"showMaterialUpdate":false,"showSkybox":true,"showFlares":true,"showImageEffects":true,"showParticleSystems":true},"in2DMode":false,"pivot":{"x":-0.8325687646865845,"y":1.1773884296417237,"z":-3.6524598598480226},"rotation":{"x":-0.19274215400218965,"y":0.6808780431747437,"z":-0.1930810660123825,"w":-0.6796876192092896},"size":3.492232322692871,"orthographic":false}