{"cameraMode":{"drawMode":0,"name":"Shaded","section":"Shading Mode"},"sceneLighting":false,"audioPlay":false,"sceneViewState":{"showFog":true,"showMaterialUpdate":false,"showSkybox":true,"showFlares":true,"showImageEffects":true,"showParticleSystems":true},"in2DMode":false,"pivot":{"x":1.690000057220459,"y":2.1700000762939455,"z":-17.1200008392334},"rotation":{"x":0.2223217934370041,"y":-0.5819792151451111,"z":0.16943398118019105,"w":0.7636526823043823},"size":5.7157673835754398,"orthographic":false}